,序号,代码,名称
0,1,688693,锴威特
1,2,688597,煜邦电力
2,3,688517,金冠电气
3,4,600067,冠城大通
4,5,603389,亚振家居
5,6,600830,香溢融通
6,7,603863,松炀资源
7,8,600192,长城电工
8,9,600992,贵绳股份
9,10,600345,长江通信
10,11,603083,剑桥科技
11,12,603685,晨丰科技
12,13,600179,安通控股
13,14,600355,精伦电子
14,15,600837,海通证券
15,16,600022,山东钢铁
16,17,603322,超讯通信
17,18,688183,生益电子
18,19,600405,动力源
19,20,600647,退市同达
20,21,600725,云维股份
21,22,688799,华纳药厂
22,23,688429,时创能源
23,24,688720,艾森股份
24,25,603717,天域生态
25,26,600996,贵广网络
26,27,688633,星球石墨
27,28,601615,明阳智能
28,29,601801,皖新传媒
29,30,600183,生益科技
30,31,603737,三棵树
31,32,688090,瑞松科技
32,33,603377,ST东时
33,34,688020,方邦股份
34,35,600898,*ST美讯
35,36,603220,中贝通信
36,37,600804,*ST鹏博
37,38,600234,*ST科新
38,39,601138,工业富联
39,40,600307,酒钢宏兴
40,41,600530,ST交昂
41,42,688005,容百科技
42,43,603023,*ST威帝
43,44,603191,望变电气
44,45,603633,徕木股份
45,46,603117,ST万林
46,47,600213,*ST亚星
47,48,600608,ST沪科
48,49,600666,ST瑞德
49,50,600462,*ST九有
50,51,601211,国泰君安
51,52,603486,科沃斯
52,53,600165,*ST宁科
53,54,601005,重庆钢铁
54,55,600565,ST迪马
55,56,603228,景旺电子
56,57,601233,桐昆股份
57,58,601136,首创证券
58,59,600070,*ST富润
59,60,601155,新城控股
60,61,601933,永辉超市
61,62,600444,国机通用
62,63,600463,空港股份
63,64,600638,新黄浦
64,65,605177,东亚药业
65,66,603061,金海通
66,67,688205,德科立
67,68,600550,保变电气
68,69,600743,华远地产
69,70,600654,ST中安
70,71,600716,凤凰股份
71,72,600312,平高电气
72,73,688343,云天励飞-U
73,74,603393,新天然气
74,75,688668,鼎通科技
75,76,600919,XD江苏银
76,77,603363,*ST傲农
77,78,600053,九鼎投资
78,79,603186,华正新材
79,80,600575,淮河能源
80,81,603052,可川科技
81,82,600418,江淮汽车
82,83,688498,源杰科技
83,84,603099,长白山
84,85,601028,玉龙股份
85,86,603516,淳中科技
86,87,600119,长江投资
87,88,600791,京能置业
88,89,688318,DR财富趋
89,90,603787,新日股份
90,91,688607,康众医疗
91,92,605188,国光连锁
92,93,688036,传音控股
93,94,603078,江化微
94,95,603992,松霖科技
95,96,605277,新亚电子
96,97,601878,浙商证券
97,98,600052,东望时代
98,99,603225,新凤鸣
99,100,603168,莎普爱思
100,101,605338,巴比食品
101,102,603019,中科曙光
102,103,600266,城建发展
103,104,603226,菲林格尔
104,105,600246,万通发展
105,106,600105,永鼎股份
106,107,600692,亚通股份
107,108,603133,退市碳元
108,109,600212,绿能慧充
109,110,603813,原尚股份
110,111,601456,国联证券
111,112,688676,XD金盘科
112,113,603920,世运电路
113,114,601099,太平洋
114,115,600303,ST曙光
115,116,603356,华菱精工
116,117,600363,联创光电
117,118,688472,阿特斯
118,119,603333,尚纬股份
119,120,600707,彩虹股份
120,121,600268,国电南自
121,122,600036,招商银行
122,123,603383,顶点软件
123,124,601881,中国银河
124,125,603663,三祥新材
125,126,600318,新力金融
126,127,603171,税友股份
127,128,600231,凌钢股份
128,129,600683,京投发展
129,130,600796,钱江生化
130,131,603386,骏亚科技
131,132,601218,吉鑫科技
132,133,603577,汇金通
133,134,688084,晶品特装
134,135,600726,华电能源
135,136,603208,江山欧派
136,137,603559,*ST通脉
137,138,688450,光格科技
138,139,688095,福昕软件
139,140,601628,中国人寿
140,141,600983,惠而浦
141,142,600809,山西汾酒
142,143,600109,国金证券
143,144,600868,梅雁吉祥
144,145,688609,九联科技
145,146,600657,信达地产
146,147,601688,华泰证券
147,148,603328,依顿电子
148,149,603236,移远通信
149,150,688681,科汇股份
150,151,600649,城投控股
151,152,600340,华夏幸福
152,153,600322,津投城开
153,154,600159,大龙地产
154,155,601326,秦港股份
155,156,688195,腾景科技
156,157,600754,锦江酒店
157,158,600741,华域汽车
158,159,603776,永安行
159,160,600882,妙可蓝多
160,161,603195,公牛集团
161,162,603829,洛凯股份
162,163,601838,成都银行
163,164,688093,世华科技
164,165,688313,仕佳光子
165,166,688220,翱捷科技-U
166,167,603595,东尼电子
167,168,600533,栖霞建设
168,169,603365,水星家纺
169,170,603990,麦迪科技
170,171,688349,三一重能
171,172,600884,杉杉股份
172,173,600757,长江传媒
173,174,600601,方正科技
174,175,688420,美腾科技
175,176,605066,天正电气
176,177,605058,澳弘电子
177,178,603042,华脉科技
178,179,600690,海尔智家
179,180,600035,楚天高速
180,181,603803,瑞斯康达
181,182,600104,上汽集团
182,183,601995,中金公司
183,184,605081,太和水
184,185,603959,ST百利
185,186,600750,江中药业
186,187,600759,ST洲际
187,188,688248,南网科技
188,189,601198,东兴证券
189,190,688188,柏楚电子
190,191,600585,海螺水泥
191,192,600621,华鑫股份
192,193,689009,九号公司-WD
193,194,605368,蓝天燃气
194,195,600658,电子城
195,196,600173,卧龙地产
196,197,688256,寒武纪-U
197,198,603679,华体科技
198,199,600498,烽火通信
199,200,600019,宝钢股份
200,201,601086,国芳集团
201,202,688629,华丰科技
202,203,600901,XD江苏金
203,204,603180,金牌厨柜
204,205,603993,洛阳钼业
205,206,601949,中国出版
206,207,601179,中国西电
207,208,600718,东软集团
208,209,600162,香江控股
209,210,688663,新风光
210,211,600611,大众交通
211,212,600581,八一钢铁
212,213,600705,中航产融
213,214,600958,东方证券
214,215,600906,财达证券
215,216,603345,XD安井食
216,217,605319,无锡振华
217,218,600390,五矿资本
218,219,600258,首旅酒店
219,220,600185,格力地产
220,221,605588,冠石科技
221,222,603118,共进股份
222,223,600597,光明乳业
223,224,601788,光大证券
224,225,600643,爱建集团
225,226,603477,巨星农牧
226,227,600446,金证股份
227,228,600238,海南椰岛
228,229,600155,华创云信
229,230,600030,中信证券
230,231,603496,恒为科技
231,232,601375,中原证券
232,233,600353,旭光电子
233,234,600062,华润双鹤
234,235,688103,国力股份
235,236,603866,桃李面包
236,237,603801,志邦家居
237,238,605011,杭州热电
238,239,601336,新华保险
239,240,603286,日盈电子
240,241,603096,新经典
241,242,600624,复旦复华
242,243,601555,东吴证券
243,244,601901,方正证券
244,245,603323,苏农银行
245,246,603290,斯达半导
246,247,601665,齐鲁银行
247,248,600569,安阳钢铁
248,249,603608,*ST天创
249,250,600808,马钢股份
250,251,600369,西南证券
251,252,601799,星宇股份
252,253,600927,XD永安期
253,254,601108,财通证券
254,255,600675,中华企业
255,256,600864,哈投股份
256,257,601877,正泰电器
257,258,600136,*ST明诚
258,259,605378,野马电池
259,260,600126,杭钢股份
260,261,601968,宝钢包装
261,262,603986,兆易创新
262,263,601298,青岛港
263,264,688253,英诺特
264,265,601236,红塔证券
265,266,603766,XD隆鑫通
266,267,688588,凌志软件
267,268,601601,中国太保
268,269,600820,隧道股份
269,270,603313,梦百合
270,271,603556,XD海兴电
271,272,600748,上实发展
272,273,600879,航天电子
273,274,605111,DR新洁能
274,275,600050,中国联通
275,276,603868,飞科电器
276,277,603861,白云电器
277,278,603398,沐邦高科
278,279,600285,羚锐制药
279,280,601128,常熟银行
280,281,603090,宏盛股份
281,282,688139,海尔生物
282,283,600751,海航科技
283,284,603517,绝味食品
284,285,601162,天风证券
285,286,603618,杭电股份
286,287,600298,安琪酵母
287,288,688508,芯朋微
288,289,688216,气派科技
289,290,600095,湘财股份
290,291,601636,旗滨集团
291,292,601377,兴业证券
292,293,601900,南方传媒
293,294,688303,大全能源
294,295,601609,金田股份
295,296,600871,石化油服
296,297,600469,风神股份
297,298,688432,有研硅
298,299,600121,郑州煤电
299,300,603955,大千生态
300,301,601607,上海医药
301,302,688299,XD长阳科
302,303,688312,燕麦科技
303,304,601166,兴业银行
304,305,600665,天地源
305,306,688489,三未信安
306,307,600151,航天机电
307,308,600112,*ST天成
308,309,601066,中信建投
309,310,688041,海光信息
310,311,600570,恒生电子
311,312,603682,锦和商管
312,313,601969,海南矿业
313,314,600157,永泰能源
314,315,601899,紫金矿业
315,316,601811,新华文轩
316,317,601990,南京证券
317,318,601020,华钰矿业
318,319,603017,中衡设计
319,320,601668,中国建筑
320,321,600421,华嵘控股
321,322,600229,城市传媒
322,323,600354,敦煌种业
323,324,600004,白云机场
324,325,603969,银龙股份
325,326,600054,黄山旅游
326,327,601127,赛力斯
327,328,603221,爱丽家居
328,329,688048,长光华芯
329,330,603611,诺力股份
330,331,601798,蓝科高新
331,332,600909,华安证券
332,333,600169,太原重工
333,334,600487,亨通光电
334,335,600373,中文传媒
335,336,603299,苏盐井神
336,337,600127,金健米业
337,338,688363,华熙生物
338,339,600728,佳都科技
339,340,600503,XD华丽家
340,341,600379,宝光股份
341,342,601083,XD锦江航
342,343,601880,辽港股份
343,344,601519,大智慧
344,345,600239,云南城投
345,346,605268,王力安防
346,347,603819,神力股份
347,348,603007,ST花王
348,349,600629,华建集团
349,350,601222,林洋能源
350,351,600684,珠江股份
351,352,603788,宁波高发
352,353,603421,鼎信通讯
353,354,600549,厦门钨业
354,355,600633,浙数文化
355,356,603040,XD新坐标
356,357,603928,兴业股份
357,358,601003,柳钢股份
358,359,603568,伟明环保
359,360,688038,中科通达
360,361,603535,嘉诚国际
361,362,603129,春风动力
362,363,603288,海天味业
363,364,600811,东方集团
364,365,600120,XD浙江东
365,366,601956,XD东贝集
366,367,600640,国脉文化
367,368,688050,爱博医疗
368,369,601696,中银证券
369,370,600619,海立股份
370,371,688608,恒玄科技
371,372,603326,我乐家居
372,373,600797,浙大网新
373,374,600792,云煤能源
374,375,605318,法狮龙
375,376,600622,光大嘉宝
376,377,603189,网达软件
377,378,603551,奥普科技
378,379,600020,中原高速
379,380,600283,钱江水利
380,381,603001,ST奥康
381,382,603629,XD利通电
382,383,603895,天永智能
383,384,605303,园林股份
384,385,600048,保利发展
385,386,603016,新宏泰
386,387,605162,新中港
387,388,600602,云赛智联
388,389,600604,市北高新
389,390,600771,广誉远
390,391,603093,南华期货
391,392,600398,海澜之家
392,393,605286,同力日升
393,394,688111,金山办公
394,395,600744,华银电力
395,396,600521,华海药业
396,397,600177,雅戈尔
397,398,601318,中国平安
398,399,600979,广安爱众
399,400,688331,荣昌生物
400,401,601319,中国人保
401,402,600883,博闻科技
402,403,600313,农发种业
403,404,601038,XD一拖股
404,405,600508,上海能源
405,406,605398,新炬网络
406,407,603528,多伦科技
407,408,600822,上海物贸
408,409,600918,中泰证券
409,410,600073,上海梅林
410,411,603610,麒盛科技
411,412,601789,宁波建工
412,413,600824,益民集团
413,414,603897,长城科技
414,415,603936,博敏电子
415,416,603818,曲美家居
416,417,600973,宝胜股份
417,418,600777,ST新潮
418,419,688739,成大生物
419,420,600422,昆药集团
420,421,601700,风范股份
421,422,600605,汇通能源
422,423,603927,中科软
423,424,600250,南京商旅
424,425,600251,冠农股份
425,426,688330,宏力达
426,427,603269,海鸥股份
427,428,601398,工商银行
428,429,605009,豪悦护理
429,430,688196,卓越新能
430,431,688027,国盾量子
431,432,601012,隆基绿能
432,433,600406,XD国电南
433,434,600130,波导股份
434,435,601919,中远海控
435,436,600783,鲁信创投
436,437,600491,龙元建设
437,438,603738,泰晶科技
438,439,600383,金地集团
439,440,600395,盘江股份
440,441,688658,悦康药业
441,442,601998,中信银行
442,443,601588,北辰实业
443,444,601577,长沙银行
444,445,603159,上海亚虹
445,446,603656,泰禾智能
446,447,600217,中再资环
447,448,600006,东风汽车
448,449,603018,华设集团
449,450,600790,XD轻纺城
450,451,688279,峰岹科技
451,452,601869,长飞光纤
452,453,688052,纳芯微
453,454,603529,爱玛科技
454,455,603070,万控智造
455,456,601000,唐山港
456,457,603283,赛腾股份
457,458,688088,虹软科技
458,459,600295,鄂尔多斯
459,460,601158,重庆水务
460,461,601339,百隆东方
461,462,600715,*ST文投
462,463,600033,福建高速
463,464,603357,设计总院
464,465,600515,海南机场
465,466,605377,DR华旺科
466,467,603216,梦天家居
467,468,603856,东宏股份
468,469,603798,康普顿
469,470,601065,江盐集团
470,471,600689,上海三毛
471,472,603206,嘉环科技
472,473,600438,XD通威股
473,474,603351,威尔药业
474,475,688099,晶晨股份
475,476,688208,道通科技
476,477,688536,思瑞浦
477,478,600540,新赛股份
478,479,603721,中广天择
479,480,601778,XD晶科科
480,481,688367,工大高科
481,482,600782,新钢股份
482,483,600325,华发股份
483,484,603860,中公高科
484,485,688398,赛特新材
485,486,688388,嘉元科技
486,487,688561,奇安信-U
487,488,603612,索通发展
488,489,600887,伊利股份
489,490,600593,大连圣亚
490,491,600420,国药现代
491,492,600720,中交设计
492,493,603161,科华控股
493,494,600281,华阳新材
494,495,603324,盛剑环境
495,496,603626,XD科森科
496,497,600371,万向德农
497,498,600959,江苏有线
498,499,600854,春兰股份
499,500,600186,莲花控股
500,501,688148,芳源股份
501,502,600338,西藏珠峰
502,503,600449,宁夏建材
503,504,600202,哈空调
504,505,603536,惠发食品
505,506,600219,南山铝业
506,507,600259,广晟有色
507,508,600926,杭州银行
508,509,600708,光明地产
509,510,600279,重庆港
510,511,600475,华光环能
511,512,600775,南京熊猫
512,513,600103,青山纸业
513,514,605589,圣泉集团
514,515,688100,威胜信息
515,516,601009,XD南京银
516,517,605222,起帆电缆
517,518,600576,祥源文旅
518,519,600894,XD广日股
519,520,603919,金徽酒
520,521,601022,宁波远洋
521,522,600778,友好集团
522,523,600429,三元股份
523,524,603719,良品铺子
524,525,601212,白银有色
525,526,603069,海汽集团
526,527,600609,金杯汽车
527,528,600397,安源煤业
528,529,603995,甬金股份
529,530,600598,北大荒
530,531,688210,统联精密
531,532,603583,捷昌驱动
532,533,603988,中电电机
533,534,603578,三星新材
534,535,600282,南钢股份
535,536,605218,伟时电子
536,537,600099,林海股份
537,538,603506,南都物业
538,539,688228,开普云
539,540,603809,豪能股份
540,541,600805,悦达投资
541,542,600208,新湖中宝
542,543,605167,利柏特
543,544,600510,黑牡丹
544,545,688278,特宝生物
545,546,688233,神工股份
546,547,601686,友发集团
547,548,600064,南京高科
548,549,603912,佳力图
549,550,600409,三友化工
550,551,600380,健康元
551,552,601187,XD厦门银
552,553,600895,张江高科
553,554,600803,新奥股份
554,555,603378,亚士创能
555,556,688110,东芯股份
556,557,601818,光大银行
557,558,600331,宏达股份
558,559,600699,均胜电子
559,560,600083,*ST博信
560,561,605088,冠盛股份
561,562,603198,迎驾贡酒
562,563,600908,无锡银行
563,564,603589,口子窖
564,565,600717,天津港
565,566,600551,时代出版
566,567,601865,福莱特
567,568,603926,铁流股份
568,569,601390,中国中铁
569,570,603063,禾望电气
570,571,603031,安孚科技
571,572,603258,电魂网络
572,573,603108,润达医疗
573,574,600794,保税科技
574,575,600853,龙建股份
575,576,603816,顾家家居
576,577,600679,上海凤凰
577,578,688662,富信科技
578,579,600200,江苏吴中
579,580,600057,厦门象屿
580,581,601600,中国铝业
581,582,603893,瑞芯微
582,583,600332,白云山
583,584,603613,国联股份
584,585,601500,通用股份
585,586,605389,长龄液压
586,587,600673,东阳光
587,588,688468,XD科美诊
588,589,603151,邦基科技
589,590,600988,赤峰黄金
590,591,600170,上海建工
591,592,600372,XD中航机
592,593,603136,天目湖
593,594,600885,宏发股份
594,595,600776,东方通信
595,596,600392,盛和资源
596,597,603808,歌力思
597,598,600511,国药股份
598,599,605128,上海沿浦
599,600,603027,千禾味业
600,601,688400,凌云光
601,602,603172,万丰股份
602,603,603076,乐惠国际
603,604,688345,博力威
604,605,601098,中南传媒
605,606,603881,数据港
606,607,603579,荣泰健康
607,608,600529,山东药玻
608,609,601579,会稽山
609,610,600523,贵航股份
610,611,605136,丽人丽妆
611,612,600681,百川能源
612,613,603899,晨光股份
613,614,603518,锦泓集团
614,615,600327,大东方
615,616,600989,宝丰能源
616,617,600999,招商证券
617,618,600084,中信尼雅
618,619,603067,振华股份
619,620,600826,兰生股份
620,621,600189,泉阳泉
621,622,600839,四川长虹
622,623,600089,特变电工
623,624,601058,赛轮轮胎
624,625,600476,湘邮科技
625,626,603058,永吉股份
626,627,600356,恒丰纸业
627,628,600108,亚盛集团
628,629,688519,南亚新材
629,630,603730,岱美股份
630,631,600309,万华化学
631,632,600961,株冶集团
632,633,688599,天合光能
633,634,603156,养元饮品
634,635,600787,中储股份
635,636,601518,吉林高速
636,637,601966,XD玲珑轮
637,638,601118,海南橡胶
638,639,605158,华达新材
639,640,603843,正平股份
640,641,603658,安图生物
641,642,600586,金晶科技
642,643,600846,同济科技
643,644,603909,建发合诚
644,645,600528,中铁工业
645,646,603037,凯众股份
646,647,688271,联影医疗
647,648,600560,金自天正
648,649,600292,远达环保
649,650,600248,陕建股份
650,651,600817,宇通重工
651,652,601231,环旭电子
652,653,688081,兴图新科
653,654,600756,浪潮软件
654,655,600719,大连热电
655,656,600617,国新能源
656,657,601216,君正集团
657,658,603043,广州酒家
658,659,688800,瑞可达
659,660,600198,大唐电信
660,661,603008,喜临门
661,662,600365,ST通葡
662,663,600293,三峡新材
663,664,600132,重庆啤酒
664,665,601360,三六零
665,666,600017,XD日照港
666,667,603878,武进不锈
667,668,603968,醋化股份
668,669,605305,中际联合
669,670,603086,先达股份
670,671,603341,龙旗科技
671,672,600993,马应龙
672,673,603507,振江股份
673,674,601311,骆驼股份
674,675,601828,美凯龙
675,676,600478,科力远
676,677,605108,同庆楼
677,678,600051,宁波联合
678,679,605339,南侨食品
679,680,600525,长园集团
680,681,600216,浙江医药
681,682,600635,大众公用
682,683,688351,微电生理-U
683,684,605567,春雪食品
684,685,600289,*ST信通
685,686,600008,首创环保
686,687,600903,贵州燃气
687,688,600143,金发科技
688,689,600197,伊力特
689,690,600330,XD天通股
690,691,600595,中孚实业
691,692,603960,克来机电
692,693,603138,海量数据
693,694,603085,天成自控
694,695,601288,农业银行
695,696,600031,三一重工
696,697,600798,宁波海运
697,698,600010,包钢股份
698,699,600874,创业环保
699,700,600328,中盐化工
700,701,600058,五矿发展
701,702,600114,东睦股份
702,703,603616,韩建河山
703,704,601616,广电电气
704,705,600676,交运股份
705,706,603132,金徽股份
706,707,600375,*ST汉马
707,708,603888,新华网
708,709,603828,ST柯利达
709,710,600559,老白干酒
710,711,600986,浙文互联
711,712,605376,博迁新材
712,713,603214,爱婴室
713,714,600272,开开实业
714,715,603106,恒银科技
715,716,600061,国投资本
716,717,601988,中国银行
717,718,600468,百利电气
718,719,600535,天士力
719,720,600517,国网英大
720,721,688486,龙迅股份
721,722,603111,康尼机电
722,723,688158,优刻得-W
723,724,600583,海油工程
724,725,600168,武汉控股
725,726,600835,上海机电
726,727,600648,外高桥
727,728,601015,陕西黑猫
728,729,600527,江南高纤
729,730,603000,人民网
730,731,600223,福瑞达
731,732,603839,安正时尚
732,733,601618,中国中冶
733,734,603833,欧派家居
734,735,603317,XD天味食
735,736,600970,中材国际
736,737,600502,安徽建工
737,738,600339,中油工程
738,739,603025,大豪科技
739,740,601188,龙江交通
740,741,603230,内蒙新华
741,742,603602,纵横通信
742,743,601992,金隅集团
743,744,600506,统一股份
744,745,600859,王府井
745,746,600742,一汽富维
746,747,603200,上海洗霸
747,748,688022,瀚川智能
748,749,688798,艾为电子
749,750,605580,恒盛能源
750,751,603199,九华旅游
751,752,600059,古越龙山
752,753,600269,赣粤高速
753,754,603937,丽岛新材
754,755,600425,青松建化
755,756,600522,中天科技
756,757,603700,宁水集团
757,758,605179,一鸣食品
758,759,600928,西安银行
759,760,600015,华夏银行
760,761,600148,长春一东
761,762,603238,诺邦股份
762,763,688616,西力科技
763,764,688353,华盛锂电
764,765,600255,鑫科材料
765,766,600088,中视传媒
766,767,600966,博汇纸业
767,768,600319,亚星化学
768,769,601199,江南水务
769,770,600698,湖南天雁
770,771,603380,易德龙
771,772,600998,九州通
772,773,600182,S佳通
773,774,601997,贵阳银行
774,775,600009,上海机场
775,776,601975,招商南油
776,777,688008,澜起科技
777,778,600702,舍得酒业
778,779,688159,有方科技
779,780,600116,三峡水利
780,781,603660,苏州科达
781,782,600237,铜峰电子
782,783,688060,云涌科技
783,784,603232,格尔软件
784,785,601010,文峰股份
785,786,600981,汇鸿集团
786,787,603966,法兰泰克
787,788,600518,ST康美
788,789,603569,长久物流
789,790,603051,鹿山新材
790,791,688039,当虹科技
791,792,688126,沪硅产业
792,793,603281,江瀚新材
793,794,600897,厦门空港
794,795,600749,西藏旅游
795,796,600267,海正药业
796,797,600980,北矿科技
797,798,601598,中国外运
798,799,603366,XD日出东
799,800,603015,弘讯科技
800,801,688425,铁建重工
801,802,600305,恒顺醋业
802,803,603153,XD上海建
803,804,600965,福成股份
804,805,603006,联明股份
805,806,688601,力芯微
806,807,601121,宝地矿业
807,808,600512,腾达建设
808,809,603113,金能科技
809,810,603013,亚普股份
810,811,600825,新华传媒
811,812,600962,国投中鲁
812,813,600590,泰豪科技
813,814,600470,六国化工
814,815,603150,万朗磁塑
815,816,603989,艾华集团
816,817,605122,四方新材
817,818,600706,曲江文旅
818,819,600858,银座股份
819,820,600335,国机汽车
820,821,600337,美克家居
821,822,601368,绿城水务
822,823,600410,华胜天成
823,824,603079,圣达生物
824,825,688766,普冉股份
825,826,603600,永艺股份
826,827,688410,山外山
827,828,601868,中国能建
828,829,600037,歌华有线
829,830,600226,亨通股份
830,831,600082,海泰发展
831,832,603701,德宏股份
832,833,600056,中国医药
833,834,600536,中国软件
834,835,605299,舒华体育
835,836,605033,美邦股份
836,837,605055,迎丰股份
837,838,600812,华北制药
838,839,605118,力鼎光电
839,840,600736,苏州高新
840,841,605577,龙版传媒
841,842,600176,中国巨石
842,843,600516,方大炭素
843,844,603035,常熟汽饰
844,845,603918,金桥信息
845,846,603887,城地香江
846,847,600867,通化东宝
847,848,603020,爱普股份
848,849,603390,通达电气
849,850,601825,沪农商行
850,851,603408,建霖家居
851,852,601096,宏盛华源
852,853,600620,天宸股份
853,854,600191,华资实业
854,855,603967,中创物流
855,856,600235,民丰特纸
856,857,600905,三峡能源
857,858,600400,红豆股份
858,859,600573,惠泉啤酒
859,860,600315,上海家化
860,861,601106,中国一重
861,862,605006,山东玻纤
862,863,603488,展鹏科技
863,864,600888,新疆众和
864,865,600452,涪陵电力
865,866,603188,亚邦股份
866,867,603012,创力集团
867,868,600784,鲁银投资
868,869,603279,景津装备
869,870,603239,浙江仙通
870,871,600166,福田汽车
871,872,603885,吉祥航空
872,873,601156,东航物流
873,874,600686,金龙汽车
874,875,600768,宁波富邦
875,876,600650,锦江在线
876,877,688200,华峰测控
877,878,600133,东湖高新
878,879,603500,祥和实业
879,880,603999,读者传媒
880,881,688535,华海诚科
881,882,601860,紫金银行
882,883,600138,中青旅
883,884,603073,彩蝶实业
884,885,688295,中复神鹰
885,886,603101,汇嘉时代
886,887,601718,际华集团
887,888,605151,西上海
888,889,605077,华康股份
889,890,603231,索宝蛋白
890,891,603041,美思德
891,892,600496,精工钢构
892,893,600113,浙江东日
893,894,603071,物产环能
894,895,603898,好莱客
895,896,600141,兴发集团
896,897,605337,李子园
897,898,600639,浦东金桥
898,899,600603,广汇物流
899,900,600490,鹏欣资源
900,901,601512,中新集团
901,902,601999,出版传媒
902,903,688109,品茗科技
903,904,600210,紫江企业
904,905,601777,力帆科技
905,906,600655,豫园股份
906,907,603080,新疆火炬
907,908,603739,蔚蓝生物
908,909,600664,哈药股份
909,910,601186,中国铁建
910,911,600628,新世界
911,912,603126,中材节能
912,913,603917,合力科技
913,914,601916,浙商银行
914,915,603508,思维列控
915,916,603329,上海雅仕
916,917,600359,新农开发
917,918,600509,天富能源
918,919,600802,福建水泥
919,920,605090,九丰能源
920,921,603877,太平鸟
921,922,605060,联德股份
922,923,603970,中农立华
923,924,603128,华贸物流
924,925,600178,东安动力
925,926,603011,合锻智能
926,927,600739,辽宁成大
927,928,601002,晋亿实业
928,929,600758,辽宁能源
929,930,603697,有友食品
930,931,600428,中远海特
931,932,603075,热威股份
932,933,603637,镇海股份
933,934,603759,海天股份
934,935,603227,雪峰科技
935,936,603659,璞泰来
936,937,601016,节能风电
937,938,601007,金陵饭店
938,939,603139,康惠制药
939,940,600641,万业企业
940,941,688316,青云科技-U
941,942,601702,华峰铝业
942,943,603336,宏辉果蔬
943,944,603183,建研院
944,945,600495,晋西车轴
945,946,600847,万里股份
946,947,605098,行动教育
947,948,688055,龙腾光电
948,949,600308,华泰股份
949,950,600834,申通地铁
950,951,600218,全柴动力
951,952,600711,盛屯矿业
952,953,600320,振华重工
953,954,600193,创兴资源
954,955,600459,贵研铂业
955,956,603321,梅轮电梯
956,957,603036,如通股份
957,958,688368,XR晶丰明
958,959,603527,众源新材
959,960,688696,极米科技
960,961,600302,标准股份
961,962,688069,德林海
962,963,603158,腾龙股份
963,964,600982,宁波能源
964,965,600558,大西洋
965,966,688567,孚能科技
966,967,600869,远东股份
967,968,603687,大胜达
968,969,600333,长春燃气
969,970,603316,诚邦股份
970,971,601059,信达证券
971,972,600249,两面针
972,973,600526,菲达环保
973,974,603822,嘉澳环保
974,975,601608,中信重工
975,976,601163,三角轮胎
976,977,600115,中国东航
977,978,603880,ST南卫
978,979,688334,西高院
979,980,688455,科捷智能
980,981,600180,瑞茂通
981,982,600382,广东明珠
982,983,603335,迪生力
983,984,603289,泰瑞机器
984,985,600730,中国高科
985,986,600577,精达股份
986,987,605287,德才股份
987,988,603270,XD金帝股
988,989,603906,龙蟠科技
989,990,601068,中铝国际
990,991,603979,金诚信
991,992,601800,中国交建
992,993,600081,东风科技
993,994,688201,信安世纪
994,995,600493,凤竹纺织
995,996,603116,红蜻蜓
996,997,600336,澳柯玛
997,998,603291,XD联合水
998,999,600615,丰华股份
999,1000,605089,XD味知香
1000,1001,600346,恒力石化
1001,1002,605008,XD长鸿高
1002,1003,603211,晋拓股份
1003,1004,600731,湖南海利
1004,1005,603619,中曼石油
1005,1006,605198,安德利
1006,1007,688366,昊海生科
1007,1008,600552,凯盛科技
1008,1009,601528,瑞丰银行
1009,1010,603119,浙江荣泰
1010,1011,603900,莱绅通灵
1011,1012,600616,XD金枫酒
1012,1013,600737,中粮糖业
1013,1014,603790,雅运股份
1014,1015,600152,维科技术
1015,1016,600848,上海临港
1016,1017,688057,金达莱
1017,1018,601669,中国电建
1018,1019,603160,汇顶科技
1019,1020,688300,联瑞新材
1020,1021,601888,XD中国中
1021,1022,603617,君禾股份
1022,1023,603501,韦尔股份
1023,1024,605003,众望布艺
1024,1025,603165,荣晟环保
1025,1026,600497,驰宏锌锗
1026,1027,600925,苏能股份
1027,1028,600557,康缘药业
1028,1029,605507,XD国邦医
1029,1030,605598,上海港湾
1030,1031,603385,惠达卫浴
1031,1032,600071,凤凰光学
1032,1033,600038,中直股份
1033,1034,600829,人民同泰
1034,1035,603677,奇精机械
1035,1036,600351,亚宝药业
1036,1037,600857,XD宁波中
1037,1038,603838,四通股份
1038,1039,600028,中国石化
1039,1040,688309,恒誉环保
1040,1041,603533,掌阅科技
1041,1042,603102,百合股份
1042,1043,600637,东方明珠
1043,1044,603060,国检集团
1044,1045,605500,森林包装
1045,1046,603170,宝立食品
1046,1047,603922,金鸿顺
1047,1048,600580,卧龙电驱
1048,1049,603811,诚意药业
1049,1050,603201,常润股份
1050,1051,600288,大恒科技
1051,1052,688118,普元信息
1052,1053,600733,北汽蓝谷
1053,1054,603022,新通联
1054,1055,688234,天岳先进
1055,1056,600967,内蒙一机
1056,1057,600827,百联股份
1057,1058,603686,福龙马
1058,1059,600596,新安股份
1059,1060,605005,合兴股份
1060,1061,600000,浦发银行
1061,1062,600486,扬农化工
1062,1063,603636,南威软件
1063,1064,603958,哈森股份
1064,1065,600630,龙头股份
1065,1066,601200,上海环境
1066,1067,603098,森特股份
1067,1068,605298,必得科技
1068,1069,600419,天润乳业
1069,1070,603810,丰山集团
1070,1071,603466,风语筑
1071,1072,600861,北京人力
1072,1073,603733,仙鹤股份
1073,1074,601021,春秋航空
1074,1075,605296,神农集团
1075,1076,601101,昊华能源
1076,1077,601606,长城军工
1077,1078,605555,德昌股份
1078,1079,600480,凌云股份
1079,1080,605100,华丰股份
1080,1081,603848,好太太
1081,1082,603566,XD普莱柯
1082,1083,603858,步长制药
1083,1084,603277,银都股份
1084,1085,688683,莱尔科技
1085,1086,601168,西部矿业
1086,1087,688128,中国电研
1087,1088,600850,电科数字
1088,1089,688625,呈和科技
1089,1090,600436,片仔癀
1090,1091,688515,裕太微-U
1091,1092,603855,华荣股份
1092,1093,688378,奥来德
1093,1094,600872,中炬高新
1094,1095,688686,奥普特
1095,1096,688648,中邮科技
1096,1097,688555,退市泽达
1097,1098,688538,和辉光电-U
1098,1099,688528,秦川物联
1099,1100,688339,亿华通-U
1100,1101,688086,退市紫晶
1101,1102,605566,福莱蒽特
1102,1103,605388,均瑶健康
1103,1104,605333,沪光股份
1104,1105,605180,华生科技
1105,1106,605169,洪通燃气
1106,1107,605069,正和生态
1107,1108,605068,明新旭腾
1108,1109,605050,福然德
1109,1110,603996,退市中新
1110,1111,603903,中持股份
1111,1112,603777,来伊份
1112,1113,603648,畅联股份
1113,1114,603603,退市博天
1114,1115,603601,再升科技
1115,1116,603555,ST贵人
1116,1117,603511,爱慕股份
1117,1118,603458,勘设股份
1118,1119,603381,永臻股份
1119,1120,603361,浙江国祥
1120,1121,603350,安乃达
1121,1122,603319,湘油泵
1122,1123,603311,金海高科
1123,1124,603255,鼎际得
1124,1125,603162,海通发展
1125,1126,603157,退市拉夏
1126,1127,603055,台华新材
1127,1128,601952,苏垦农发
1128,1129,601921,浙版传媒
1129,1130,601918,新集能源
1130,1131,601866,中远海发
1131,1132,601619,嘉泽新能
1132,1133,601599,浙文影业
1133,1134,601558,退市锐电
1134,1135,601388,怡球资源
1135,1136,601299,中国北车
1136,1137,601268,*ST二重
1137,1138,601258,*ST庞大
1138,1139,601228,广州港
1139,1140,601177,杭齿前进
1140,1141,601077,渝农商行
1141,1142,601008,连云港
1142,1143,600995,南网储能
1143,1144,600991,广汽长丰
1144,1145,600987,航民股份
1145,1146,600984,建设机械
1146,1147,600978,*ST宜生
1147,1148,600960,渤海汽车
1148,1149,600939,重庆建工
1149,1150,600899,*ST信联
1150,1151,600896,退市海医
1151,1152,600891,退市秋林
1152,1153,600890,退市中房
1153,1154,600880,博瑞传播
1154,1155,600878,*ST北科
1155,1156,600870,退市厦华
1156,1157,600856,退市中天
1157,1158,600852,*ST中川
1158,1159,600849,上药转换
1159,1160,600842,中西药业
1160,1161,600840,新湖创业
1161,1162,600838,上海九百
1162,1163,600832,东方明珠
1163,1164,600823,*ST世茂
1164,1165,600821,金开新能
1165,1166,600815,厦工股份
1166,1167,600813,ST鞍一工
1167,1168,600806,退市昆机
1168,1169,600799,*ST龙科
1169,1170,600788,*ST达曼
1170,1171,600786,东方锅炉
1171,1172,600781,退市辅仁
1172,1173,600780,通宝能源
1173,1174,600772,S*ST龙昌
1174,1175,600767,退市运盛
1175,1176,600762,S*ST金荔
1176,1177,600752,*ST哈慈
1177,1178,600747,退市大控
1178,1179,600740,山西焦化
1179,1180,600727,鲁北化工
1180,1181,600723,首商股份
1181,1182,600713,南京医药
1182,1183,600712,南宁百货
1183,1184,600709,ST生态
1184,1185,600701,退市工新
1185,1186,600700,*ST数码
1186,1187,600695,退市绿庭
1187,1188,600688,上海石化
1188,1189,600687,退市刚泰
1189,1190,600680,*ST上普
1190,1191,600678,四川金顶
1191,1192,600677,*ST航通
1192,1193,600672,*ST华圣
1193,1194,600670,*ST斯达
1194,1195,600669,*ST鞍成
1195,1196,600662,外服控股
1196,1197,600659,*ST花雕
1197,1198,600656,退市博元
1198,1199,600652,退市游久
1199,1200,600646,ST国嘉
1200,1201,600634,退市富控
1201,1202,600632,华联商厦
1202,1203,600631,百联股份
1203,1204,600627,上电股份
1204,1205,600626,申达股份
1205,1206,600625,PT水仙
1206,1207,600614,退市鹏起
1207,1208,600607,上实医药
1208,1209,600599,ST熊猫
1209,1210,600591,*ST上航
1210,1211,600588,用友网络
1211,1212,600567,山鹰国际
1212,1213,600555,退市海创
1213,1214,600553,太行水泥
1214,1215,600537,亿晶光电
1215,1216,600532,退市未来
1216,1217,600507,方大特钢
1217,1218,600485,*ST信威
1218,1219,600477,杭萧钢构
1219,1220,600472,包头铝业
1220,1221,600467,好当家
1221,1222,600466,*ST蓝光
1222,1223,600456,宝钛股份
1223,1224,600448,华纺股份
1224,1225,600432,退市吉恩
1225,1226,600408,安泰集团
1226,1227,600401,退市海润
1227,1228,600393,ST粤泰
1228,1229,600385,退市金泰
1229,1230,600376,首开股份
1230,1231,600370,三房巷
1231,1232,600357,承德钒钛
1232,1233,600321,正源股份
1233,1234,600317,营口港
1234,1235,600311,*ST荣华
1235,1236,600297,广汇汽车
1236,1237,600296,S兰铝
1237,1238,600291,退市西水
1238,1239,600290,*ST华仪
1239,1240,600286,S*ST国瓷
1240,1241,600280,中央商场
1241,1242,600278,东方创业
1242,1243,600275,退市昌鱼
1243,1244,600273,嘉化能源
1244,1245,600270,外运发展
1245,1246,600263,路桥建设
1246,1247,600260,*ST凯乐
1247,1248,600253,天方药业
1248,1249,600252,中恒集团
1249,1250,600247,*ST成城
1250,1251,600243,青海华鼎
1251,1252,600242,退市中昌
1252,1253,600241,时代万恒
1253,1254,600240,退市华业
1254,1255,600232,金鹰股份
1255,1256,600225,卓朗科技
1256,1257,600221,海航控股
1257,1258,600220,ST阳光
1258,1259,600209,退市罗顿
1259,1260,600205,S山东铝
1260,1261,600181,S*ST云大
1261,1262,600175,退市美都
1262,1263,600156,华升股份
1263,1264,600146,退市环球
1264,1265,600145,退市新亿
1265,1266,600139,*ST西源
1266,1267,600128,苏豪弘业
1267,1268,600125,铁龙物流
1268,1269,600122,*ST宏图
1269,1270,600110,诺德股份
1270,1271,600102,莱钢股份
1271,1272,600100,同方股份
1272,1273,600097,开创国际
1273,1274,600096,云天化
1274,1275,600094,大名城
1275,1276,600093,退市易见
1276,1277,600092,S*ST精密
1277,1278,600091,退市明科
1278,1279,600090,退市济堂
1279,1280,600087,退市长油
1280,1281,600086,退市金钰
1281,1282,600077,*ST宋都
1282,1283,600074,退市保千
1283,1284,600069,退市银鸽
1284,1285,600068,葛洲坝
1285,1286,600066,宇通客车
1286,1287,600065,*ST联谊
1287,1288,600016,民生银行
1288,1289,600005,武钢股份
1289,1290,600003,ST东北高
1290,1291,600002,齐鲁石化
1291,1292,600001,邯郸钢铁
1292,1293,600519,贵州茅台
1293,1294,603235,天新药业
1294,1295,601633,长城汽车
1295,1296,603185,弘元绿能
1296,1297,603130,云中马
1297,1298,603282,XD亚光股
1298,1299,600262,北方股份
1299,1300,688007,光峰科技
1300,1301,688369,致远互联
1301,1302,603711,香飘飘
1302,1303,603103,横店影视
1303,1304,600389,江山股份
1304,1305,600489,中金黄金
1305,1306,688182,灿勤科技
1306,1307,603297,永新光学
1307,1308,605289,罗曼股份
1308,1309,603607,京华激光
1309,1310,600199,金种子酒
1310,1311,603587,地素时尚
1311,1312,605336,帅丰电器
1312,1313,603178,XD圣龙股
1313,1314,603182,嘉华股份
1314,1315,600977,中国电影
1315,1316,600416,湘电股份
1316,1317,600833,第一医药
1317,1318,600367,红星发展
1318,1319,600697,欧亚集团
1319,1320,688232,新点软件
1320,1321,600663,陆家嘴
1321,1322,603066,音飞储存
1322,1323,605228,神通科技
1323,1324,603565,中谷物流
1324,1325,600566,济川药业
1325,1326,605365,立达信
1326,1327,601137,博威合金
1327,1328,600860,京城股份
1328,1329,600513,联环药业
1329,1330,600195,中牧股份
1330,1331,603806,福斯特
1331,1332,601117,中国化学
1332,1333,603038,华立股份
1333,1334,688079,美迪凯
1334,1335,600455,博通股份
1335,1336,603638,艾迪精密
1336,1337,603137,恒尚节能
1337,1338,600562,国睿科技
1338,1339,601089,XD福元医
1339,1340,600865,百大集团
1340,1341,603353,和顺石油
1341,1342,603896,寿仙谷
1342,1343,603599,广信股份
1343,1344,603123,翠微股份
1344,1345,688613,奥精医疗
1345,1346,603690,至纯科技
1346,1347,603444,吉比特
1347,1348,688350,富淼科技
1348,1349,600111,北方稀土
1349,1350,600917,重庆燃气
1350,1351,603312,西典新能
1351,1352,600929,雪天盐业
1352,1353,603300,华铁应急
1353,1354,601699,潞安环能
1354,1355,600426,华鲁恒升
1355,1356,601958,金钼股份
1356,1357,600060,海信视像
1357,1358,600366,宁波韵升
1358,1359,601107,四川成渝
1359,1360,603669,灵康药业
1360,1361,601226,华电重工
1361,1362,600233,圆通速递
1362,1363,603817,海峡环保
1363,1364,600362,江西铜业
1364,1365,603010,万盛股份
1365,1366,688006,杭可科技
1366,1367,603260,合盛硅业
1367,1368,600257,大湖股份
1368,1369,603056,德邦股份
1369,1370,600153,建发股份
1370,1371,600499,科达制造
1371,1372,603727,博迈科
1372,1373,688333,铂力特
1373,1374,688772,珠海冠宇
1374,1375,603369,今世缘
1375,1376,600956,新天绿能
1376,1377,601279,英利汽车
1377,1378,603089,正裕工业
1378,1379,688332,中科蓝讯
1379,1380,600645,中源协和
1380,1381,688209,英集芯
1381,1382,600137,浪莎股份
1382,1383,688258,卓易信息
1383,1384,600584,长电科技
1384,1385,688292,浩瀚深度
1385,1386,605255,天普股份
1386,1387,603683,晶华新材
1387,1388,603003,*ST龙宇
1388,1389,600968,海油发展
1389,1390,601069,西部黄金
1390,1391,600636,国新文化
1391,1392,688568,中科星图
1392,1393,601717,郑煤机
1393,1394,601515,东峰集团
1394,1395,600722,金牛化工
1395,1396,605133,嵘泰股份
1396,1397,600539,狮头股份
1397,1398,601727,上海电气
1398,1399,688562,航天软件
1399,1400,600215,派斯林
1400,1401,688819,天能股份
1401,1402,603886,元祖股份
1402,1403,603307,扬州金泉
1403,1404,603278,大业股份
1404,1405,600488,XD津药药
1405,1406,603048,浙江黎明
1406,1407,601939,建设银行
1407,1408,688563,XD航材股
1408,1409,603223,恒通股份
1409,1410,601113,华鼎股份
1410,1411,688380,中微半导
1411,1412,600873,梅花生物
1412,1413,603315,福鞍股份
1413,1414,603859,能科科技
1414,1415,688593,新相微
1415,1416,601018,宁波港
1416,1417,600916,中国黄金
1417,1418,605080,浙江自然
1418,1419,603680,今创集团
1419,1420,600098,广州发展
1420,1421,603045,福达合金
1421,1422,603399,吉翔股份
1422,1423,688288,鸿泉物联
1423,1424,600769,祥龙电业
1424,1425,600810,神马股份
1425,1426,605208,永茂泰
1426,1427,688235,百济神州-U
1427,1428,688589,力合微
1428,1429,603187,海容冷链
1429,1430,605366,宏柏新材
1430,1431,601330,绿色动力
1431,1432,600080,金花股份
1432,1433,603693,江苏新能
1433,1434,600941,中国移动
1434,1435,600623,华谊集团
1435,1436,688127,蓝特光学
1436,1437,603318,水发燃气
1437,1438,603605,珀莱雅
1438,1439,605028,世茂能源
1439,1440,600807,济南高新
1440,1441,603689,皖天然气
1441,1442,600029,南方航空
1442,1443,600651,飞乐音响
1443,1444,600386,北巴传媒
1444,1445,600613,神奇制药
1445,1446,600261,阳光照明
1446,1447,601169,北京银行
1447,1448,688298,东方生物
1448,1449,603112,华翔股份
1449,1450,688125,安达智能
1450,1451,688381,帝奥微
1451,1452,603115,海星股份
1452,1453,688579,山大地纬
1453,1454,600055,万东医疗
1454,1455,603515,欧普照明
1455,1456,688595,芯海科技
1456,1457,600876,凯盛新能
1457,1458,600770,综艺股份
1458,1459,600276,恒瑞医药
1459,1460,600732,爱旭股份
1460,1461,600828,茂业商业
1461,1462,600256,广汇能源
1462,1463,688267,中触媒
1463,1464,688029,南微医学
1464,1465,603977,国泰集团
1465,1466,688581,安杰思
1466,1467,603867,新化股份
1467,1468,603596,伯特利
1468,1469,600106,重庆路桥
1469,1470,688793,倍轻松
1470,1471,603177,德创环保
1471,1472,601698,中国卫通
1472,1473,605086,DR龙高股
1473,1474,603379,三美股份
1474,1475,605155,西大门
1475,1476,605001,威奥股份
1476,1477,603696,安记食品
1477,1478,605288,XD凯迪股
1478,1479,600123,兰花科创
1479,1480,600935,华塑股份
1480,1481,688187,时代电气
1481,1482,603050,科林电气
1482,1483,688106,金宏气体
1483,1484,688123,XD聚辰股
1484,1485,688699,明微电子
1485,1486,603355,莱克电气
1486,1487,600184,光电股份
1487,1488,600172,黄河旋风
1488,1489,603586,金麒麟
1489,1490,600610,中毅达
1490,1491,605189,富春染织
1491,1492,688058,宝兰德
1492,1493,600222,太龙药业
1493,1494,605007,五洲特纸
1494,1495,688620,安凯微
1495,1496,603706,东方环宇
1496,1497,603105,芯能科技
1497,1498,603237,五芳斋
1498,1499,603107,上海汽配
1499,1500,600117,ST西钢
1500,1501,603976,正川股份
1501,1502,603057,紫燕食品
1502,1503,601666,平煤股份
1503,1504,603982,泉峰汽车
1504,1505,603757,大元泵业
1505,1506,688132,邦彦技术
1506,1507,603190,亚通精工
1507,1508,600667,太极实业
1508,1509,603519,立霸股份
1509,1510,600538,国发股份
1510,1511,600963,岳阳林纸
1511,1512,600671,ST目药
1512,1513,603388,ST元成
1513,1514,601677,明泰铝业
1514,1515,603179,新泉股份
1515,1516,688296,和达科技
1516,1517,603212,赛伍技术
1517,1518,603053,成都燃气
1518,1519,688426,康为世纪
1519,1520,603176,汇通集团
1520,1521,600556,天下秀
1521,1522,603439,贵州三力
1522,1523,603933,睿能科技
1523,1524,600299,安迪苏
1524,1525,600660,福耀玻璃
1525,1526,603215,比依股份
1526,1527,600196,复星医药
1527,1528,688066,航天宏图
1528,1529,601088,中国神华
1529,1530,603088,宁波精达
1530,1531,601928,凤凰传媒
1531,1532,688138,清溢光电
1532,1533,688269,凯立新材
1533,1534,688711,宏微科技
1534,1535,603359,东珠生态
1535,1536,603630,拉芳家化
1536,1537,600388,龙净环保
1537,1538,603699,纽威股份
1538,1539,603983,丸美股份
1539,1540,600500,中化国际
1540,1541,688522,纳睿雷达
1541,1542,688327,云从科技-UW
1542,1543,688556,高测股份
1543,1544,603121,华培动力
1544,1545,605166,聚合顺
1545,1546,688135,利扬芯片
1546,1547,603916,苏博特
1547,1548,603998,方盛制药
1548,1549,601996,丰林集团
1549,1550,603688,石英股份
1550,1551,601006,大秦铁路
1551,1552,603698,航天工程
1552,1553,600682,南京新百
1553,1554,603275,众辰科技
1554,1555,603203,快克智能
1555,1556,603109,神驰机电
1556,1557,603585,苏利股份
1557,1558,688322,奥比中光-UW
1558,1559,600975,新五丰
1559,1560,688569,铁科轨道
1560,1561,603330,天洋新材
1561,1562,688501,青达环保
1562,1563,600841,动力新科
1563,1564,688639,华恒生物
1564,1565,688191,智洋创新
1565,1566,603520,司太立
1566,1567,603303,得邦照明
1567,1568,603077,和邦生物
1568,1569,603004,鼎龙科技
1569,1570,600012,皖通高速
1570,1571,601808,中海油服
1571,1572,603598,引力传媒
1572,1573,600668,尖峰集团
1573,1574,603915,国茂股份
1574,1575,601965,中国汽研
1575,1576,600877,电科芯片
1576,1577,603681,永冠新材
1577,1578,603373,安邦护卫
1578,1579,603213,镇洋发展
1579,1580,688184,帕瓦股份
1580,1581,688073,毕得医药
1581,1582,601116,三江购物
1582,1583,600163,中闽能源
1583,1584,603882,金域医学
1584,1585,688083,XD中望软
1585,1586,603082,北自科技
1586,1587,603337,杰克股份
1587,1588,603039,泛微网络
1588,1589,603931,格林达
1589,1590,688259,创耀科技
1590,1591,600230,沧州大化
1591,1592,600594,益佰制药
1592,1593,603301,振德医疗
1593,1594,688660,电气风电
1594,1595,605168,三人行
1595,1596,688677,海泰新光
1596,1597,603332,苏州龙杰
1597,1598,688019,安集科技
1598,1599,600329,达仁堂
1599,1600,600545,卓郎智能
1600,1601,603331,百达精工
1601,1602,603095,越剑智能
1602,1603,600693,东百集团
1603,1604,688063,派能科技
1604,1605,600745,闻泰科技
1605,1606,601229,上海银行
1606,1607,688010,福光股份
1607,1608,688418,震有科技
1608,1609,603657,春光科技
1609,1610,601001,晋控煤业
1610,1611,605199,葫芦娃
1611,1612,600819,耀皮玻璃
1612,1613,600892,大晟文化
1613,1614,603729,龙韵股份
1614,1615,601728,中国电信
1615,1616,688687,凯因科技
1616,1617,601595,上海电影
1617,1618,600085,同仁堂
1618,1619,600600,青岛啤酒
1619,1620,600352,浙江龙盛
1620,1621,600433,冠豪高新
1621,1622,601139,深圳燃气
1622,1623,600018,上港集团
1623,1624,603722,阿科力
1624,1625,688113,联测科技
1625,1626,600801,华新水泥
1626,1627,600893,航发动力
1627,1628,600284,浦东建设
1628,1629,600531,豫光金铅
1629,1630,603655,朗博科技
1630,1631,600547,山东黄金
1631,1632,600779,水井坊
1632,1633,600167,联美控股
1633,1634,688025,杰普特
1634,1635,603615,茶花股份
1635,1636,688003,天准科技
1636,1637,688707,振华新材
1637,1638,600479,千金药业
1638,1639,603267,鸿远电子
1639,1640,688360,德马科技
1640,1641,600845,宝信软件
1641,1642,603339,四方科技
1642,1643,600793,宜宾纸业
1643,1644,688533,上声电子
1644,1645,600990,四创电子
1645,1646,600160,巨化股份
1646,1647,688737,中自科技
1647,1648,601568,北元集团
1648,1649,600228,返利科技
1649,1650,600735,新华锦
1650,1651,603325,博隆技术
1651,1652,600458,时代新材
1652,1653,688161,威高骨科
1653,1654,605599,菜百股份
1654,1655,603825,华扬联众
1655,1656,688097,博众精工
1656,1657,603901,永创智能
1657,1658,688352,颀中科技
1658,1659,600618,氯碱化工
1659,1660,600548,深高速
1660,1661,603196,XD日播时
1661,1662,603062,麦加芯彩
1662,1663,600572,康恩贝
1663,1664,600875,东方电气
1664,1665,688252,天德钰
1665,1666,600135,乐凯胶片
1666,1667,603005,晶方科技
1667,1668,601816,京沪高铁
1668,1669,603987,XD康德莱
1669,1670,600271,航天信息
1670,1671,600844,丹化科技
1671,1672,688146,中船特气
1672,1673,688611,杭州柯林
1673,1674,600866,星湖科技
1674,1675,600789,鲁抗医药
1675,1676,601126,四方股份
1676,1677,600851,海欣股份
1677,1678,603980,吉华集团
1678,1679,603869,ST智知
1679,1680,688396,华润微
1680,1681,688068,热景生物
1681,1682,603276,恒兴新材
1682,1683,605178,时空科技
1683,1684,600561,江西长运
1684,1685,600361,创新新材
1685,1686,688168,安博通
1686,1687,688359,三孚新科
1687,1688,600287,江苏舜天
1688,1689,688459,哈铁科技
1689,1690,600399,抚顺特钢
1690,1691,601857,中国石油
1691,1692,688156,路德环境
1692,1693,688328,深科达
1693,1694,601100,恒立液压
1694,1695,600368,五洲交通
1695,1696,600206,有研新材
1696,1697,688219,会通股份
1697,1698,603768,常青股份
1698,1699,688290,景业智能
1699,1700,688361,中科飞测
1700,1701,688268,华特气体
1701,1702,601366,利群股份
1702,1703,603169,兰石重装
1703,1704,688101,三达膜
1704,1705,603773,沃格光电
1705,1706,688697,XD纽威数
1706,1707,600753,庚星股份
1707,1708,601369,陕鼓动力
1708,1709,688026,洁特生物
1709,1710,603222,济民医疗
1710,1711,600391,航发科技
1711,1712,688301,奕瑞科技
1712,1713,603908,牧高笛
1713,1714,688078,龙软科技
1714,1715,688526,科前生物
1715,1716,688190,云路股份
1716,1717,600862,中航高科
1717,1718,603725,天安新材
1718,1719,688408,中信博
1719,1720,688120,华海清科
1720,1721,688479,友车科技
1721,1722,600439,瑞贝卡
1722,1723,688091,上海谊众
1723,1724,603799,华友钴业
1724,1725,600578,京能电力
1725,1726,688193,仁度生物
1726,1727,603661,恒林股份
1727,1728,603059,倍加洁
1728,1729,688265,南模生物
1729,1730,601858,中国科传
1730,1731,603192,汇得科技
1731,1732,605196,华通线缆
1732,1733,603871,嘉友国际
1733,1734,603709,中源家居
1734,1735,688112,鼎阳科技
1735,1736,603639,海利尔
1736,1737,688152,麒麟信安
1737,1738,603676,卫信康
1738,1739,688391,钜泉科技
1739,1740,688722,同益中
1740,1741,603358,华达科技
1741,1742,600881,亚泰集团
1742,1743,605123,派克新材
1743,1744,688136,科兴制药
1744,1745,603387,基蛋生物
1745,1746,603309,维力医疗
1746,1747,605056,XD咸亨国
1747,1748,688661,和林微纳
1748,1749,603823,百合花
1749,1750,603135,中重科技
1750,1751,688786,悦安新材
1751,1752,688466,金科环境
1752,1753,601566,九牧王
1753,1754,600644,乐山电力
1754,1755,688181,八亿时空
1755,1756,688051,佳华科技
1756,1757,603726,朗迪集团
1757,1758,688170,德龙激光
1758,1759,688016,心脉医疗
1759,1760,600969,郴电国际
1760,1761,600755,厦门国贸
1761,1762,601567,三星医疗
1762,1763,603360,百傲化学
1763,1764,603229,奥翔药业
1764,1765,600763,通策医疗
1765,1766,600582,天地科技
1766,1767,600714,金瑞矿业
1767,1768,603375,盛景微
1768,1769,603033,三维股份
1769,1770,603985,恒润股份
1770,1771,603789,星光农机
1771,1772,603266,天龙股份
1772,1773,603703,盛洋科技
1773,1774,601908,京运通
1774,1775,603609,禾丰股份
1775,1776,603590,康辰药业
1776,1777,600761,安徽合力
1777,1778,688285,高铁电气
1778,1779,603456,九洲药业
1779,1780,603755,日辰股份
1780,1781,603650,彤程新材
1781,1782,603065,宿迁联盛
1782,1783,603021,山东华鹏
1783,1784,603889,新澳股份
1784,1785,688617,惠泰医疗
1785,1786,688578,艾力斯
1786,1787,601061,中信金属
1787,1788,688141,杰华特
1788,1789,600773,西藏城投
1789,1790,600075,新疆天业
1790,1791,688207,格灵深瞳
1791,1792,601208,东材科技
1792,1793,603429,集友股份
1793,1794,603557,ST起步
1794,1795,688031,星环科技-U
1795,1796,688787,海天瑞声
1796,1797,600579,克劳斯
1797,1798,601678,滨化股份
1798,1799,688557,兰剑智能
1799,1800,605399,晨光新材
1800,1801,603786,科博达
1801,1802,688280,精进电动-UW
1802,1803,688018,乐鑫科技
1803,1804,603217,元利科技
1804,1805,688302,海创药业-U
1805,1806,600721,百花医药
1806,1807,688560,明冠新材
1807,1808,688229,博睿数据
1808,1809,600211,西藏药业
1809,1810,688287,观典防务
1810,1811,603261,立航科技
1811,1812,600460,士兰微
1812,1813,601011,宝泰隆
1813,1814,603032,德新科技
1814,1815,688768,容知日新
1815,1816,605259,绿田机械
1816,1817,600520,文一科技
1817,1818,600358,国旅联合
1818,1819,603890,春秋电子
1819,1820,600107,美尔雅
1820,1821,688387,信科移动-U
1821,1822,603948,建业股份
1822,1823,603173,福斯达
1823,1824,688130,晶华微
1824,1825,600079,人福医药
1825,1826,603713,密尔克卫
1826,1827,600674,川投能源
1827,1828,688305,科德数控
1828,1829,603588,高能环境
1829,1830,603081,大丰实业
1830,1831,600785,新华百货
1831,1832,603978,深圳新星
1832,1833,601238,广汽集团
1833,1834,600201,生物股份
1834,1835,688484,南芯科技
1835,1836,688520,神州细胞-U
1836,1837,688618,三旺通信
1837,1838,600387,*ST海越
1838,1839,601225,陕西煤业
1839,1840,600971,恒源煤电
1840,1841,688186,广大特材
1841,1842,688080,映翰通
1842,1843,600642,申能股份
1843,1844,600606,绿地控股
1844,1845,603209,兴通股份
1845,1846,603272,联翔股份
1846,1847,601333,广深铁路
1847,1848,688262,国芯科技
1848,1849,688383,新益昌
1849,1850,688399,硕世生物
1850,1851,688371,菲沃泰
1851,1852,603956,威派格
1852,1853,605183,确成股份
1853,1854,603416,信捷电气
1854,1855,603122,合富中国
1855,1856,600326,西藏天路
1856,1857,688767,博拓生物
1857,1858,603668,天马科技
1858,1859,605116,奥锐特
1859,1860,601991,大唐发电
1860,1861,688211,中科微至
1861,1862,600310,广西能源
1862,1863,603028,赛福天
1863,1864,600976,健民集团
1864,1865,601963,重庆银行
1865,1866,688680,海优新材
1866,1867,688386,泛亚微透
1867,1868,688401,路维光电
1868,1869,688403,汇成股份
1869,1870,688428,诺诚健华-U
1870,1871,688570,天玛智控
1871,1872,600076,康欣新材
1872,1873,688678,福立旺
1873,1874,600501,航天晨光
1874,1875,688133,泰坦科技
1875,1876,601111,中国国航
1876,1877,688551,科威尔
1877,1878,600729,重庆百货
1878,1879,603219,富佳股份
1879,1880,600685,中船防务
1880,1881,603779,威龙股份
1881,1882,600021,上海电力
1882,1883,688518,联赢激光
1883,1884,688028,XD沃尔德
1884,1885,603097,江苏华辰
1885,1886,688189,南新制药
1886,1887,688496,清越科技
1887,1888,603758,秦安股份
1888,1889,688114,华大智造
1889,1890,600483,福能股份
1890,1891,688077,大地熊
1891,1892,688370,丛麟科技
1892,1893,603712,七一二
1893,1894,688282,*ST导航
1894,1895,600746,江苏索普
1895,1896,688702,盛科通信-U
1896,1897,600800,渤海化学
1897,1898,688325,赛微微电
1898,1899,600661,昂立教育
1899,1900,603666,亿嘉和
1900,1901,688362,甬矽电子
1901,1902,600149,廊坊发展
1902,1903,603167,渤海轮渡
1903,1904,688717,艾罗能源
1904,1905,603155,新亚强
1905,1906,688500,慧辰股份
1906,1907,603580,艾艾精工
1907,1908,603538,美诺华
1908,1909,600710,苏美达
1909,1910,603344,星德胜
1910,1911,603268,松发股份
1911,1912,600227,赤天化
1912,1913,600997,开滦股份
1913,1914,603876,鼎胜新材
1914,1915,603029,天鹅股份
1915,1916,600568,ST中珠
1916,1917,603716,塞力医疗
1917,1918,688621,阳光诺和
1918,1919,688178,万德斯
1919,1920,603815,交建股份
1920,1921,603273,天元智能
1921,1922,600350,山东高速
1922,1923,688155,先惠技术
1923,1924,688293,奥浦迈
1924,1925,688317,之江生物
1925,1926,688531,日联科技
1926,1927,688598,金博股份
1927,1928,688355,明志科技
1928,1929,688612,威迈斯
1929,1930,600571,信雅达
1930,1931,605117,德业股份
1931,1932,688061,灿瑞科技
1932,1933,688981,中芯国际
1933,1934,600481,双良节能
1934,1935,600703,三安光电
1935,1936,603797,联泰环保
1936,1937,688257,新锐股份
1937,1938,688348,昱能科技
1938,1939,603026,石大胜华
1939,1940,603087,甘李药业
1940,1941,688023,安恒信息
1941,1942,600855,航天长峰
1942,1943,600696,岩石股份
1943,1944,600131,国网信通
1944,1945,601766,中国中车
1945,1946,600188,兖矿能源
1946,1947,688085,三友医疗
1947,1948,605358,立昂微
1948,1949,603708,家家悦
1949,1950,600985,淮北矿业
1950,1951,688779,长远锂科
1951,1952,688652,京仪装备
1952,1953,688046,药康生物
1953,1954,600011,华能国际
1954,1955,603558,健盛集团
1955,1956,688217,睿昂基因
1956,1957,600889,南京化纤
1957,1958,600072,中船科技
1958,1959,688227,品高股份
1959,1960,688480,赛恩斯
1960,1961,600818,中路股份
1961,1962,600423,柳化股份
1962,1963,688600,皖仪科技
1963,1964,688249,晶合集成
1964,1965,603306,华懋科技
1965,1966,688543,国科军工
1966,1967,688550,DR瑞联新
1967,1968,600378,XD昊华科
1968,1969,603327,福蓉科技
1969,1970,603256,宏和科技
1970,1971,603100,川仪股份
1971,1972,688049,炬芯科技
1972,1973,688365,光云科技
1973,1974,688630,芯碁微装
1974,1975,688622,禾信仪器
1975,1976,603489,八方股份
1976,1977,601658,邮储银行
1977,1978,688059,华锐精密
1978,1979,601898,中煤能源
1979,1980,688393,安必平
1980,1981,688521,芯原股份
1981,1982,688320,XD禾川科
1982,1983,600377,宁沪高速
1983,1984,688119,中钢洛耐
1984,1985,688392,骄成超声
1985,1986,603950,长源东谷
1986,1987,600150,中国船舶
1987,1988,688636,智明达
1988,1989,605488,福莱新材
1989,1990,601611,中国核建
1990,1991,688244,永信至诚
1991,1992,600814,杭州解百
1992,1993,603181,XD皇马科
1993,1994,688002,睿创微纳
1994,1995,603949,雪龙集团
1995,1996,603127,昭衍新药
1996,1997,688261,东微半导
1997,1998,688011,新光光电
1998,1999,600724,XD宁波富
1999,2000,600301,华锡有色
2000,2001,603308,应流股份
2001,2002,688716,中研股份
2002,2003,688030,山石网科
2003,2004,688511,天微电子
2004,2005,688631,莱斯信息
2005,2006,688347,华虹公司
2006,2007,605369,拱东医疗
2007,2008,688098,XD申联生
2008,2009,600360,ST华微
2009,2010,688266,泽璟制药-U
2010,2011,688788,科思科技
2011,2012,600129,太极集团
2012,2013,688032,禾迈股份
2013,2014,688395,正弦电气
2014,2015,688358,祥生医疗
2015,2016,603197,保隆科技
2016,2017,601033,永兴股份
2017,2018,688276,百克生物
2018,2019,603367,辰欣药业
2019,2020,603125,常青科技
2020,2021,600938,中国海油
2021,2022,688277,天智航-U
2022,2023,688087,英科再生
2023,2024,688590,新致软件
2024,2025,603396,金辰股份
2025,2026,688308,欧科亿
2026,2027,601019,XD山东出
2027,2028,688596,正帆科技
2028,2029,603218,日月股份
2029,2030,600760,中航沈飞
2030,2031,688289,圣湘生物
2031,2032,688685,迈信林
2032,2033,603606,东方电缆
2033,2034,688559,海目星
2034,2035,600546,山煤国际
2035,2036,688047,龙芯中科
2036,2037,600023,浙能电力
2037,2038,605099,共创草坪
2038,2039,603298,杭叉集团
2039,2040,688015,交控科技
2040,2041,688222,成都先导
2041,2042,600843,上工申贝
2042,2043,603997,继峰股份
2043,2044,603193,润本股份
2044,2045,601882,海天精工
2045,2046,688584,上海合晶
2046,2047,688566,吉贝尔
2047,2048,600933,爱柯迪
2048,2049,603030,ST全筑
2049,2050,688576,西山科技
2050,2051,688623,双元科技
2051,2052,600348,华阳股份
2052,2053,603567,珍宝岛
2053,2054,688092,DR爱科科
2054,2055,600863,内蒙华电
2055,2056,688776,国光电气
2056,2057,688558,国盛智科
2057,2058,603348,文灿股份
2058,2059,688314,康拓医疗
2059,2060,688167,炬光科技
2060,2061,603392,万泰生物
2061,2062,600032,浙江新能
2062,2063,600831,广电网络
2063,2064,600704,物产中大
2064,2065,600592,龙溪股份
2065,2066,688733,壹石通
2066,2067,603938,三孚股份
2067,2068,603110,东方材料
2068,2069,688163,赛伦生物
2069,2070,688665,四方光电
2070,2071,688236,春立医疗
2071,2072,688131,皓元医药
2072,2073,688102,斯瑞新材
2073,2074,600396,金山股份
2074,2075,688778,XD厦钨新
2075,2076,688505,复旦张江
2076,2077,688122,西部超导
2077,2078,601890,亚星锚链
2078,2079,688273,麦澜德
2079,2080,603665,康隆达
2080,2081,688456,有研粉材
2081,2082,688377,迪威尔
2082,2083,600612,老凤祥
2083,2084,600435,北方导航
2084,2085,688192,迪哲医药-U
2085,2086,688035,XD德邦科
2086,2087,688260,昀冢科技
2087,2088,688553,汇宇制药-W
2088,2089,605018,长华集团
2089,2090,688606,奥泰生物
2090,2091,688089,嘉必优
2091,2092,688709,成都华微
2092,2093,688626,翔宇医疗
2093,2094,688218,江苏北人
2094,2095,600025,华能水电
2095,2096,605300,佳禾食品
2096,2097,688338,赛科希德
2097,2098,688203,海正生材
2098,2099,688116,天奈科技
2099,2100,688075,安旭生物
2100,2101,688129,东来技术
2101,2102,688416,恒烁股份
2102,2103,688321,微芯生物
2103,2104,688700,东威科技
2104,2105,688096,京源环保
2105,2106,600343,航天动力
2106,2107,688067,爱威科技
2107,2108,605016,百龙创园
2108,2109,600118,中国卫星
2109,2110,601827,三峰环境
2110,2111,603767,中马传动
2111,2112,688165,埃夫特-U
2112,2113,688552,航天南湖
2113,2114,688033,天宜上佳
2114,2115,688151,华强科技
2115,2116,688198,佰仁医疗
2116,2117,688502,茂莱光学
2117,2118,600955,维远股份
2118,2119,688659,元琛科技
2119,2120,688247,宣泰医药
2120,2121,688213,思特威-W
2121,2122,600694,大商股份
2122,2123,600323,瀚蓝环境
2123,2124,688225,亚信安全
2124,2125,600738,丽尚国潮
2125,2126,600203,福日电子
2126,2127,688206,概伦电子
2127,2128,688013,天臣医疗
2128,2129,603800,道森股份
2129,2130,688638,誉辰智能
2130,2131,688529,XD豪森智
2131,2132,600795,国电电力
2132,2133,600505,西昌电力
2133,2134,688212,澳华内镜
2134,2135,600774,汉商集团
2135,2136,600078,ST澄星
2136,2137,600300,维维股份
2137,2138,600187,国中水务
2138,2139,600101,明星电力
2139,2140,600063,皖维高新
2140,2141,603628,清源股份
2141,2142,603131,上海沪工
2142,2143,688619,罗普特
2143,2144,603002,XD宏昌电
2144,2145,688056,XD莱伯泰
2145,2146,600265,景谷林业
2146,2147,688656,XD浩欧博
2147,2148,688690,纳微科技
2148,2149,688215,瑞晟智能
2149,2150,603929,亚翔集成
2150,2151,688004,博汇科技
2151,2152,688076,诺泰生物
2152,2153,688173,希荻微
2153,2154,600563,XD法拉电
2154,2155,605186,健麾信息
2155,2156,688329,艾隆科技
2156,2157,688071,华依科技
2157,2158,688335,复洁环保
2158,2159,688488,艾迪药业
2159,2160,688580,伟思医疗
2160,2161,603163,XD圣晖集
2161,2162,600316,洪都航空
2162,2163,688137,近岸蛋白
2163,2164,688221,前沿生物-U
2164,2165,688315,诺禾致源
2165,2166,603166,福达股份
2166,2167,688121,卓然股份
2167,2168,688539,高华科技
2168,2169,688175,高凌信息
2169,2170,688475,萤石网络
2170,2171,688166,博瑞医药
2171,2172,688458,美芯晟
2172,2173,688001,华兴源创
2173,2174,688319,欧林生物
2174,2175,688021,奥福环保
2175,2176,688238,和元生物
2176,2177,603233,大参林
2177,2178,688185,康希诺
2178,2179,688157,XD松井股
2179,2180,603678,火炬电子
2180,2181,688485,九州一轨
2181,2182,688376,美埃科技
2182,2183,688789,宏华数科
2183,2184,688603,天承科技
2184,2185,688251,井松智能
2185,2186,688372,伟测科技
2186,2187,688172,XD燕东微
2187,2188,600765,XD中航重
2188,2189,600171,上海贝岭
2189,2190,603305,旭升集团
2190,2191,600900,长江电力
2191,2192,688153,唯捷创芯
2192,2193,688226,威腾电气
2193,2194,688270,臻镭科技
2194,2195,601886,江河集团
2195,2196,688385,复旦微电
2196,2197,688718,唯赛勃
2197,2198,688357,建龙微纳
2198,2199,688356,键凯科技
2199,2200,688448,磁谷科技
2200,2201,600461,洪城环境
2201,2202,601872,招商轮船
2202,2203,688695,中创股份
2203,2204,603259,药明康德
2204,2205,603505,金石资源
2205,2206,688512,慧智微-U
2206,2207,688435,英方软件
2207,2208,601399,国机重装
2208,2209,688698,伟创电气
2209,2210,688513,苑东生物
2210,2211,688728,格科微
2211,2212,603338,浙江鼎力
2212,2213,688246,嘉和美康
2213,2214,688239,航宇科技
2214,2215,688682,霍莱沃
2215,2216,688326,经纬恒润-W
2216,2217,688012,中微公司
2217,2218,688507,索辰科技
2218,2219,688202,美迪西
2219,2220,688379,华光新材
2220,2221,688646,逸飞激光
2221,2222,603068,博通集成
2222,2223,605138,盛泰集团
2223,2224,688373,盟科药业-U
2224,2225,688591,泰凌微
2225,2226,688679,通源环境
2226,2227,688197,首药控股-U
2227,2228,688275,万润新能
2228,2229,605020,永和股份
2229,2230,688199,久日新材
2230,2231,688510,航亚科技
2231,2232,688627,精智达
2232,2233,688719,爱科赛博
2233,2234,603836,海程邦达
2234,2235,688117,XD圣诺生
2235,2236,688115,思林杰
2236,2237,688231,隆达股份
2237,2238,688307,中润光学
2238,2239,603991,至正股份
2239,2240,603662,柯力传感
2240,2241,688107,安路科技
2241,2242,688108,赛诺医疗
2242,2243,688667,菱电电控
2243,2244,603728,鸣志电器
2244,2245,603530,神马电力
2245,2246,688499,利元亨
2246,2247,688439,振华风光
2247,2248,600764,中国海防
2248,2249,600403,大有能源
2249,2250,688610,埃科光电
2250,2251,600007,中国国贸
2251,2252,688433,华曙高科
2252,2253,688323,瑞华泰
2253,2254,600816,建元信托
2254,2255,600207,安彩高科
2255,2256,600886,国投电力
2256,2257,688169,石头科技
2257,2258,688337,XD普源精
2258,2259,603296,华勤技术
2259,2260,601328,交通银行
2260,2261,688669,聚石化学
2261,2262,601929,吉视传媒
2262,2263,688291,金橙子
2263,2264,688171,纬德信息
2264,2265,600027,华电国际
2265,2266,600026,中远海能
2266,2267,688651,盛邦安全
2267,2268,688105,诺唯赞
2268,2269,603368,柳药集团
2269,2270,600936,广西广电
2270,2271,688525,佰维存储
2271,2272,688176,亚虹医药-U
2272,2273,600691,阳煤化工
2273,2274,688065,凯赛生物
2274,2275,688409,富创精密
2275,2276,600482,中国动力
2276,2277,688689,银河微电
2277,2278,688382,益方生物-U
2278,2279,600415,小商品城
2279,2280,688670,金迪克
2280,2281,600734,实达集团
2281,2282,601985,中国核电
2282,2283,688389,普门科技
2283,2284,688306,均普智能
2284,2285,603826,坤彩科技
2285,2286,688009,中国通号
2286,2287,688311,盟升电子
2287,2288,603718,海利生物
2288,2289,688657,浩辰软件
2289,2290,688179,阿拉丁
2290,2291,603320,迪贝电气
2291,2292,601689,拓普集团
2292,2293,688419,耐科装备
2293,2294,688523,航天环宇
2294,2295,688177,百奥泰
2295,2296,600158,中体产业
2296,2297,688310,迈得医疗
2297,2298,603879,ST永悦
2298,2299,688549,中巨芯-U
2299,2300,688478,晶升股份
2300,2301,600277,ST亿利
2301,2302,688582,芯动联科
2302,2303,688072,拓荆科技
2303,2304,600039,四川路桥
2304,2305,600836,*ST易连
2305,2306,600587,新华医疗
2306,2307,688602,康鹏科技
2307,2308,603280,南方路机
2308,2309,600161,天坛生物
2309,2310,688571,杭华股份
2310,2311,603499,翔港科技
2311,2312,600381,ST春天
2312,2313,688691,灿芯股份
2313,2314,688516,奥特维
2314,2315,688237,超卓航科
2315,2316,688509,正元地信
2316,2317,688628,优利德
2317,2318,601989,中国重工
2318,2319,688062,迈威生物-U
2319,2320,688143,长盈通
2320,2321,688586,江航装备
2321,2322,688070,纵横股份
2322,2323,600589,广东榕泰
2323,2324,603883,老百姓
2324,2325,605499,东鹏饮料
2325,2326,688592,司南导航
2326,2327,688053,思科瑞
2327,2328,688283,坤恒顺维
2328,2329,688655,迅捷兴
2329,2330,603963,*ST大药
2330,2331,600236,桂冠电力
2331,2332,605266,健之佳
2332,2333,600190,ST锦港
2333,2334,688037,芯源微
2334,2335,688162,巨一科技
2335,2336,688585,上纬新材
2336,2337,688082,盛美上海
2337,2338,688281,华秦科技
2338,2339,688297,中无人机
2339,2340,600543,*ST莫高
2340,2341,688506,百利天恒-U
2341,2342,688777,中控技术
2342,2343,603707,健友股份
2343,2344,688223,晶科能源
2344,2345,688653,康希通信
2345,2346,688336,三生国健
2346,2347,600766,退市园城
2347,2348,688230,芯导科技
2348,2349,688180,君实生物-U
2349,2350,688286,敏芯股份
2350,2351,688045,必易微
2351,2352,600653,申华控股
2352,2353,688390,固德威
2353,2354,688565,力源科技
2354,2355,688469,芯联集成-U
2355,2356,688272,富吉瑞
2356,2357,688147,微导纳米
2357,2358,688503,聚和材料
2358,2359,603939,益丰药房
2359,2360,600306,退市商城
2360,2361,688150,XD莱特光
2361,2362,605258,协和电子
2362,2363,688548,广钢气体
2363,2364,688375,国博电子
2364,2365,688573,信宇人
2365,2366,603667,五洲新春
2366,2367,688671,碧兴物联
2367,2368,688577,浙海德曼
2368,2369,688255,凯尔达
2369,2370,688530,欧莱新材
2370,2371,603778,国晟科技
2371,2372,688160,步科股份
2372,2373,688575,亚辉龙
2373,2374,688692,C达梦
2374,2375,688443,智翔金泰-U
2375,2376,688017,绿的谐波
2376,2377,601133,XD柏诚股
2377,2378,603009,北特科技
2378,2379,688701,卓锦股份
